{
  "train_loss": [
    0.04938269219722371,
    0.045710208322092584,
    0.045504582838668504,
    0.04361650862407927,
    0.0411366869381876,
    0.03927332372689734,
    0.04402872366944746,
    0.04319511138624987,
    0.04373408547526567,
    0.04456703419968182,
    0.045183495781859574,
    0.0458779790514738,
    0.046445543873979124,
    0.04694160982510265,
    0.04725861742104195,
    0.04758459766756515,
    0.047861912594728016,
    0.04805501844847993,
    0.048251805728187366,
    0.04837317152747086,
    0.04845172067609977,
    0.04856118298116691,
    0.04862573494070343,
    0.04870255406641839,
    0.04873456766315717,
    0.048819690950366916,
    0.048832093985105046,
    0.04885710614676378,
    0.048891158244211454,
    0.04891024669822382,
    0.04894334007890857,
    0.0489549295064442,
    0.04898558302725456,
    0.04900458963321788,
    0.04903893594116885,
    0.04902522208511221,
    0.04905340851151518,
    0.04905762986983268,
    0.04906384437249935,
    0.04906464259387279,
    0.04910246110806356,
    0.049135411228528436,
    0.0491370477371526,
    0.04912200040107935,
    0.04911566366802673,
    0.04915457292250833,
    0.049156597477136826,
    0.04915818369624262,
    0.049177138689829376,
    0.04919876015117886,
    0.04921983174447502,
    0.049193912176225256,
    0.0491878444290891,
    0.049225505106911364,
    0.04922272072610807,
    0.04921738359963103,
    0.04923245709921632,
    0.0492412272764712,
    0.04923758056889079,
    0.04923079006696994
  ],
  "train_recon": [
    0.04938269219722371,
    0.045710208322092584,
    0.045504582838668504,
    0.04361650862407927,
    0.0411366869381876,
    0.03927332372689734,
    0.04186442877089947,
    0.04062121330893465,
    0.040565178015896555,
    0.040973814134010855,
    0.04135855210906997,
    0.04199565583079749,
    0.04267293208145669,
    0.04336630272660024,
    0.04389820857809819,
    0.044460286105013624,
    0.04504826331929285,
    0.04553942687771454,
    0.04599379424233826,
    0.04634656366340968,
    0.04666149125301412,
    0.047079664755764666,
    0.04726704561664742,
    0.04747471373281156,
    0.047640486133798045,
    0.04781538329790441,
    0.047921393209194044,
    0.0480070395632742,
    0.0480822500373636,
    0.04815240804562155,
    0.04821749179224883,
    0.04826815087652328,
    0.04832608847669801,
    0.048391116305957646,
    0.048444346796569164,
    0.04845250002963811,
    0.04850311369578145,
    0.048530998196909016,
    0.04854271664873374,
    0.04855626536989394,
    0.04860833513987612,
    0.048657160997390744,
    0.048663325109804166,
    0.048655409811596786,
    0.04866082809523356,
    0.048710686046326036,
    0.04871608188793976,
    0.04872078740855261,
    0.04874195043681836,
    0.048770085245142786,
    0.04879454380585527,
    0.04877015810877997,
    0.0487650794832378,
    0.04880453533854107,
    0.048803495482674666,
    0.048796266452314295,
    0.048810160346329214,
    0.048818138137231674,
    0.048811809446814715,
    0.04880103243761981
  ],
  "train_kl": [
    4.638377204516366,
    3.6767810632379687,
    4.888538454016861,
    4.619673060640997,
    4.559173087806117,
    4.849870052386303,
    0.11903622108986792,
    0.07078219964644131,
    0.058096636970508465,
    0.04940677748574894,
    0.042074378714801706,
    0.03558796274057609,
    0.02964195047638246,
    0.024580237046549363,
    0.020535832786058285,
    0.017183712888889167,
    0.014068246228449351,
    0.011529794531608267,
    0.009553125564707443,
    0.007961673812218467,
    0.006564174344340264,
    0.0050927189049876425,
    0.004395759555009878,
    0.0037517344235200247,
    0.003167078180543898,
    0.002761846087125786,
    0.002385168740281132,
    0.0021251665127442255,
    0.0019343457487203913,
    0.0017367136223676463,
    0.0015968662551966524,
    0.0014528009427559314,
    0.0013434146962212328,
    0.0012050369220096215,
    0.0011276690833070388,
    0.001049990382775182,
    0.0009763295332291187,
    0.0009051482693356942,
    0.0008685461020219491,
    0.0008223749381669426,
    0.0007764836778399197,
    0.0007306601580889297,
    0.0007041823338911446,
    0.0006753285029102401,
    0.0006414347686326696,
    0.0006103444151634977,
    0.0005909355368277495,
    0.000572780862540287,
    0.000556636134607121,
    0.0005358436094699142,
    0.0005197964023474404,
    0.0005066624794547963,
    0.0004947249517091241,
    0.00048236117442257285,
    0.00047055894636064387,
    0.0004632288525777878,
    0.00045541800725320116,
    0.0004474981651954443,
    0.0004418379179325563,
    0.0004377160895106796
  ],
  "train_beta": [
    0.0,
    0.0,
    0.0,
    0.0,
    0.0,
    0.0,
    0.01818181818181818,
    0.03636363636363636,
    0.05454545454545454,
    0.07272727272727272,
    0.09090909090909091,
    0.10909090909090909,
    0.12727272727272726,
    0.14545454545454545,
    0.16363636363636364,
    0.18181818181818182,
    0.2,
    0.21818181818181817,
    0.23636363636363636,
    0.2545454545454545,
    0.2727272727272727,
    0.2909090909090909,
    0.3090909090909091,
    0.32727272727272727,
    0.34545454545454546,
    0.36363636363636365,
    0.38181818181818183,
    0.4,
    0.41818181818181815,
    0.43636363636363634,
    0.45454545454545453,
    0.4727272727272727,
    0.4909090909090909,
    0.509090909090909,
    0.5272727272727272,
    0.5454545454545454,
    0.5636363636363636,
    0.5818181818181818,
    0.6,
    0.6181818181818182,
    0.6363636363636364,
    0.6545454545454545,
    0.6727272727272727,
    0.6909090909090909,
    0.7090909090909091,
    0.7272727272727273,
    0.7454545454545455,
    0.7636363636363637,
    0.7818181818181819,
    0.8,
    0.8181818181818182,
    0.8363636363636363,
    0.8545454545454545,
    0.8727272727272727,
    0.8909090909090909,
    0.9090909090909091,
    0.9272727272727272,
    0.9454545454545454,
    0.9636363636363636,
    0.9818181818181818
  ],
  "val_loss": [
    0.045174392649097,
    0.04518195169295377,
    0.04473861236019656,
    0.042339654481000744,
    0.03990718275911895,
    0.03825685192608399,
    0.042444568195263384,
    0.04239893190351575,
    0.04329222421112813,
    0.04419491173103753,
    0.044779311812780644,
    0.045416000800637096,
    0.04584197254346208,
    0.04633172023815182,
    0.04653446627441447,
    0.04686790026784667,
    0.04703002313702454,
    0.04718907322990991,
    0.04738137463809025,
    0.047540065428988657,
    0.04754673694882557,
    0.047607233129471904,
    0.04766693991808756,
    0.047668888999021004,
    0.0476914632024794,
    0.04776091124063079,
    0.04780020652270993,
    0.04781319043384148,
    0.04784358567313144,
    0.04782742009260635,
    0.04783810140482086,
    0.04784037791916475,
    0.04790704364055082,
    0.047921550810819696,
    0.047944860691242375,
    0.047932570136570735,
    0.047908654489256595,
    0.04789112023405942,
    0.04792911266749687,
    0.04790308122873789,
    0.0479036482269706,
    0.04793980734249358,
    0.04792657761498984,
    0.047953607982047175,
    0.04796042006749373,
    0.04794241745884602,
    0.047961543234977644,
    0.04794806861865376,
    0.04795043399700752,
    0.04793940535803073,
    0.04800981809554795,
    0.04798200286110403,
    0.047969308655392305,
    0.04797497352487162,
    0.0479940420793377,
    0.04794604645717723,
    0.04802772500797322,
    0.047988002252602864,
    0.04802412001287889,
    0.04800904923031928
  ],