{
  "train_loss": [
    2.5304101693936003,
    2.2026289875451885,
    2.0782020031801394,
    2.007119061198285,
    1.95989742990658
  ],
  "val_loss": [
    2.3256737572028054,
    2.1615014541337696,
    2.0759377630398017,
    2.026684542531917,
    1.995515913242615
  ],
  "val_perplexity": [
    10.233572706875398,
    8.684166752791315,
    7.972018819436942,
    7.588883981090707,
    7.3559971054185445
  ]
}